"Date/Time","Lat","Lon","Base"
"7/1/2014 0:03:00",40.7586,-73.9706,"B02512"
"7/1/2014 0:05:00",40.7605,-73.9994,"B02512"
"7/1/2014 0:06:00",40.732,-73.9999,"B02512"
"7/1/2014 0:09:00",40.7635,-73.9793,"B02512"
"7/1/2014 0:20:00",40.7204,-74.0047,"B02512"
"7/1/2014 0:35:00",40.7487,-73.9869,"B02512"
"7/1/2014 0:57:00",40.7444,-73.9961,"B02512"
"7/1/2014 0:58:00",40.7132,-73.9492,"B02512"
"7/1/2014 1:04:00",40.759,-73.973,"B02512"
"7/1/2014 1:08:00",40.7601,-73.9823,"B02512"
"7/1/2014 1:12:00",40.6951,-74.1784,"B02512"
"7/1/2014 1:23:00",40.7203,-73.9992,"B02512"
"7/1/2014 1:45:00",40.7575,-73.9721,"B02512"
"7/1/2014 2:07:00",40.7471,-73.9872,"B02512"
"7/1/2014 2:48:00",40.7808,-73.9565,"B02512"
"7/1/2014 3:11:00",40.7624,-73.9786,"B02512"
"7/1/2014 3:14:00",40.815,-73.9095,"B02512"
"7/1/2014 3:20:00",40.7498,-73.9813,"B02512"
"7/1/2014 3:28:00",40.7623,-73.9797,"B02512"
"7/1/2014 3:38:00",40.7274,-73.9904,"B02512"
"7/1/2014 3:41:00",40.9131,-73.8969,"B02512"
"7/1/2014 3:53:00",40.8048,-73.957,"B02512"
"7/1/2014 4:01:00",40.7861,-74.0088,"B02512"
"7/1/2014 4:09:00",40.7203,-73.9928,"B02512"
"7/1/2014 4:21:00",40.7679,-73.9918,"B02512"
"7/1/2014 4:47:00",40.6879,-74.1816,"B02512"
"7/1/2014 4:52:00",40.7608,-73.9988,"B02512"
"7/1/2014 5:03:00",40.6879,-74.1815,"B02512"
"7/1/2014 5:07:00",40.7134,-73.9928,"B02512"
"7/1/2014 5:12:00",40.7758,-73.9837,"B02512"
"7/1/2014 5:13:00",40.645,-73.7819,"B02512"
"7/1/2014 5:22:00",40.7489,-73.9874,"B02512"
"7/1/2014 5:26:00",40.7484,-73.9785,"B02512"
"7/1/2014 5:36:00",40.7676,-73.9825,"B02512"
"7/1/2014 5:39:00",40.7791,-73.9826,"B02512"
"7/1/2014 5:41:00",40.7867,-73.9795,"B02512"
"7/1/2014 5:49:00",40.7356,-74.003,"B02512"
"7/1/2014 5:58:00",40.6459,-73.7767,"B02512"
"7/1/2014 6:07:00",40.7664,-73.9782,"B02512"
"7/1/2014 6:08:00",40.6451,-73.7826,"B02512"
"7/1/2014 6:08:00",40.7758,-73.9899,"B02512"
"7/1/2014 6:10:00",40.7742,-73.9632,"B02512"
"7/1/2014 6:11:00",40.7731,-73.9665,"B02512"
"7/1/2014 6:18:00",40.7745,-73.9796,"B02512"
"7/1/2014 6:20:00",40.7402,-73.9882,"B02512"
"7/1/2014 6:22:00",40.7443,-73.9918,"B02512"
"7/1/2014 6:25:00",40.7607,-73.999,"B02512"
"7/1/2014 6:25:00",40.7186,-73.9822,"B02512"
"7/1/2014 6:28:00",40.7239,-74.0095,"B02512"
"7/1/2014 6:30:00",40.8517,-74.0139,"B02512"
"7/1/2014 6:30:00",40.7342,-74.0096,"B02512"
"7/1/2014 6:33:00",40.7567,-73.9926,"B02512"
"7/1/2014 6:33:00",40.7141,-74.0095,"B02512"
"7/1/2014 6:39:00",40.7228,-73.9829,"B02512"
"7/1/2014 6:39:00",40.6939,-73.9828,"B02512"
"7/1/2014 6:40:00",40.7415,-73.9023,"B02512"
"7/1/2014 6:42:00",40.7665,-73.9912,"B02512"
"7/1/2014 6:45:00",40.7933,-73.9745,"B02512"
"7/1/2014 6:50:00",40.7049,-74.0068,"B02512"
"7/1/2014 6:51:00",40.6203,-73.9613,"B02512"
"7/1/2014 6:51:00",40.7438,-74.0063,"B02512"
"7/1/2014 6:53:00",40.7386,-73.9773,"B02512"
"7/1/2014 6:54:00",40.7708,-73.8658,"B02512"
"7/1/2014 6:54:00",40.724,-74.0108,"B02512"
"7/1/2014 6:54:00",40.7328,-73.975,"B02512"
"7/1/2014 6:56:00",40.7227,-74.0035,"B02512"
"7/1/2014 6:56:00",40.7309,-74.0057,"B02512"
"7/1/2014 6:57:00",40.6892,-74.179,"B02512"
"7/1/2014 6:58:00",40.7769,-73.952,"B02512"
"7/1/2014 6:58:00",40.7562,-73.9913,"B02512"
"7/1/2014 6:59:00",40.7466,-73.9957,"B02512"
"7/1/2014 7:05:00",40.7531,-74.0039,"B02512"
"7/1/2014 7:06:00",40.766,-73.9593,"B02512"
"7/1/2014 7:07:00",40.6864,-73.9876,"B02512"
"7/1/2014 7:07:00",40.7287,-73.9946,"B02512"
"7/1/2014 7:09:00",40.7222,-74.0028,"B02512"
"7/1/2014 7:09:00",40.7484,-73.9768,"B02512"
"7/1/2014 7:09:00",40.7484,-73.9768,"B02512"
"7/1/2014 7:10:00",40.7591,-73.9959,"B02512"
"7/1/2014 7:12:00",40.7395,-73.9952,"B02512"
"7/1/2014 7:13:00",40.7434,-73.9742,"B02512"
"7/1/2014 7:13:00",40.743,-73.9794,"B02512"
"7/1/2014 7:13:00",40.7259,-74.0083,"B02512"
"7/1/2014 7:17:00",40.7266,-73.9833,"B02512"
"7/1/2014 7:18:00",40.7502,-73.9738,"B02512"
"7/1/2014 7:19:00",40.6471,-73.7887,"B02512"
"7/1/2014 7:20:00",40.7531,-73.9749,"B02512"
"7/1/2014 7:24:00",40.7715,-73.9486,"B02512"
"7/1/2014 7:24:00",40.7204,-73.9945,"B02512"
"7/1/2014 7:26:00",40.7777,-73.9885,"B02512"
"7/1/2014 7:27:00",40.7024,-74.0127,"B02512"
"7/1/2014 7:27:00",40.717,-74.0119,"B02512"
"7/1/2014 7:28:00",40.7897,-73.9793,"B02512"
"7/1/2014 7:30:00",40.7369,-73.9888,"B02512"
"7/1/2014 7:33:00",40.7844,-73.9553,"B02512"
"7/1/2014 7:33:00",40.6814,-74.0082,"B02512"
"7/1/2014 7:33:00",40.8527,-74.012,"B02512"
"7/1/2014 7:34:00",40.7438,-73.9888,"B02512"
"7/1/2014 7:34:00",40.7181,-73.9894,"B02512"
"7/1/2014 7:34:00",40.7673,-73.9862,"B02512"
"7/1/2014 7:38:00",40.7853,-73.9538,"B02512"
"7/1/2014 7:38:00",40.7691,-73.96,"B02512"
"7/1/2014 7:38:00",40.7367,-73.9789,"B02512"
"7/1/2014 7:39:00",40.755,-73.9765,"B02512"
"7/1/2014 7:39:00",40.7782,-73.959,"B02512"
"7/1/2014 7:40:00",40.7232,-74.0025,"B02512"
"7/1/2014 7:41:00",40.7347,-74.0005,"B02512"
"7/1/2014 7:41:00",40.7588,-73.9861,"B02512"
"7/1/2014 7:42:00",40.7225,-74.0053,"B02512"
"7/1/2014 7:42:00",40.759,-73.9858,"B02512"
"7/1/2014 7:42:00",40.7285,-73.9855,"B02512"
"7/1/2014 7:44:00",40.7462,-73.9835,"B02512"
"7/1/2014 7:44:00",40.7434,-73.9935,"B02512"
"7/1/2014 7:45:00",40.7779,-73.9786,"B02512"
"7/1/2014 7:45:00",40.7378,-74.0082,"B02512"
"7/1/2014 7:49:00",40.7677,-73.9915,"B02512"
"7/1/2014 7:49:00",40.7299,-73.9884,"B02512"
"7/1/2014 7:50:00",40.7715,-73.9472,"B02512"
"7/1/2014 7:50:00",40.7436,-74.006,"B02512"
"7/1/2014 7:52:00",40.7673,-73.9536,"B02512"
"7/1/2014 7:55:00",40.7976,-73.9708,"B02512"
"7/1/2014 8:00:00",40.7445,-73.9948,"B02512"
"7/1/2014 8:01:00",40.7844,-73.9486,"B02512"
"7/1/2014 8:02:00",40.7836,-73.9709,"B02512"
"7/1/2014 8:03:00",40.7469,-73.9926,"B02512"
"7/1/2014 8:03:00",40.7254,-74.0054,"B02512"
"7/1/2014 8:04:00",40.7597,-73.9803,"B02512"
"7/1/2014 8:05:00",40.724,-73.9878,"B02512"
"7/1/2014 8:05:00",40.724,-73.9878,"B02512"
"7/1/2014 8:08:00",40.7243,-73.9854,"B02512"
"7/1/2014 8:09:00",40.715,-74.0158,"B02512"
"7/1/2014 8:10:00",40.7825,-73.9729,"B02512"
"7/1/2014 8:10:00",40.7404,-73.9794,"B02512"
"7/1/2014 8:11:00",40.7874,-73.9704,"B02512"
"7/1/2014 8:12:00",40.6603,-73.9603,"B02512"
"7/1/2014 8:13:00",40.7237,-73.9854,"B02512"
"7/1/2014 8:16:00",40.7439,-74.0063,"B02512"
"7/1/2014 8:17:00",40.7334,-74.0047,"B02512"
"7/1/2014 8:17:00",40.7474,-73.9767,"B02512"
"7/1/2014 8:17:00",40.7652,-73.9615,"B02512"
"7/1/2014 8:17:00",40.7219,-74.0118,"B02512"
"7/1/2014 8:21:00",40.7513,-73.9762,"B02512"
"7/1/2014 8:23:00",40.7302,-73.9796,"B02512"
"7/1/2014 8:26:00",40.7411,-73.9935,"B02512"
"7/1/2014 8:27:00",40.7828,-73.9532,"B02512"
"7/1/2014 8:27:00",40.7325,-73.9969,"B02512"
"7/1/2014 8:27:00",40.7557,-73.9736,"B02512"
"7/1/2014 8:27:00",40.7557,-73.9736,"B02512"
"7/1/2014 8:30:00",40.7442,-73.989,"B02512"
"7/1/2014 8:30:00",40.7336,-73.9762,"B02512"
"7/1/2014 8:31:00",40.7501,-73.9911,"B02512"
"7/1/2014 8:34:00",40.7439,-73.989,"B02512"
"7/1/2014 8:36:00",40.7405,-73.9982,"B02512"
"7/1/2014 8:37:00",40.707,-74.0045,"B02512"
"7/1/2014 8:37:00",40.7252,-73.9991,"B02512"
"7/1/2014 8:39:00",40.7313,-74.0101,"B02512"
"7/1/2014 8:39:00",40.7265,-74.0068,"B02512"
"7/1/2014 8:40:00",40.7214,-73.9988,"B02512"
"7/1/2014 8:41:00",40.7715,-73.9886,"B02512"
"7/1/2014 8:42:00",40.8073,-74.2178,"B02512"
"7/1/2014 8:47:00",40.7466,-73.9845,"B02512"
"7/1/2014 8:49:00",40.7593,-73.9749,"B02512"
"7/1/2014 8:56:00",40.781,-73.9858,"B02512"
"7/1/2014 8:57:00",40.7681,-73.9915,"B02512"
"7/1/2014 8:57:00",40.7286,-73.9994,"B02512"
"7/1/2014 9:01:00",40.7865,-73.9688,"B02512"
"7/1/2014 9:02:00",40.7209,-73.9566,"B02512"
"7/1/2014 9:04:00",40.7261,-74.0058,"B02512"
"7/1/2014 9:05:00",40.7267,-73.9995,"B02512"
"7/1/2014 9:07:00",40.7313,-73.9824,"B02512"
"7/1/2014 9:08:00",40.7758,-73.9583,"B02512"
"7/1/2014 9:08:00",40.714,-74.0145,"B02512"
"7/1/2014 9:12:00",40.719,-73.989,"B02512"
"7/1/2014 9:13:00",40.7697,-73.9805,"B02512"
"7/1/2014 9:14:00",40.7522,-73.9777,"B02512"
"7/1/2014 9:14:00",40.7655,-73.9612,"B02512"
"7/1/2014 9:17:00",40.795,-73.9735,"B02512"
"7/1/2014 9:17:00",40.7344,-73.9977,"B02512"
"7/1/2014 9:19:00",40.7366,-73.997,"B02512"
"7/1/2014 9:20:00",40.7582,-73.9871,"B02512"
"7/1/2014 9:20:00",40.7582,-73.9871,"B02512"
"7/1/2014 9:22:00",40.7301,-73.9855,"B02512"
"7/1/2014 9:23:00",40.7599,-73.9746,"B02512"
"7/1/2014 9:25:00",40.7624,-73.9783,"B02512"
"7/1/2014 9:27:00",40.7363,-74.0076,"B02512"
"7/1/2014 9:29:00",40.8057,-73.2931,"B02512"
"7/1/2014 9:30:00",40.7614,-73.9677,"B02512"
"7/1/2014 9:33:00",40.7389,-74.0087,"B02512"
"7/1/2014 9:33:00",40.6912,-74.1779,"B02512"
"7/1/2014 9:34:00",40.7612,-73.9713,"B02512"
"7/1/2014 9:35:00",40.7217,-74.006,"B02512"
"7/1/2014 9:36:00",40.7902,-73.9731,"B02512"
"7/1/2014 9:36:00",40.7609,-73.98,"B02512"
"7/1/2014 9:37:00",40.7576,-73.9789,"B02512"
"7/1/2014 9:38:00",40.771,-73.8661,"B02512"
"7/1/2014 9:40:00",40.6639,-73.9455,"B02512"
"7/1/2014 9:44:00",40.744,-73.9839,"B02512"
"7/1/2014 9:45:00",40.7386,-73.9977,"B02512"
"7/1/2014 9:46:00",40.7563,-73.9246,"B02512"
"7/1/2014 9:49:00",40.7465,-74.0082,"B02512"
"7/1/2014 9:50:00",40.7352,-74.1649,"B02512"
"7/1/2014 9:52:00",40.7275,-73.9905,"B02512"
"7/1/2014 9:54:00",40.7141,-74.0094,"B02512"
"7/1/2014 9:54:00",40.7708,-73.8657,"B02512"
"7/1/2014 9:55:00",40.7605,-73.9912,"B02512"
"7/1/2014 9:56:00",40.7509,-73.9934,"B02512"
"7/1/2014 10:00:00",40.753,-74.004,"B02512"
"7/1/2014 10:00:00",40.7215,-73.9583,"B02512"
"7/1/2014 10:01:00",40.6911,-73.9076,"B02512"
"7/1/2014 10:05:00",40.7698,-73.9817,"B02512"
"7/1/2014 10:06:00",40.7609,-73.9756,"B02512"
"7/1/2014 10:12:00",40.7544,-73.9694,"B02512"
"7/1/2014 10:14:00",40.7752,-73.965,"B02512"
"7/1/2014 10:15:00",40.7372,-73.9884,"B02512"
"7/1/2014 10:17:00",40.8021,-73.9694,"B02512"
"7/1/2014 10:19:00",40.7514,-73.9752,"B02512"
"7/1/2014 10:20:00",40.7356,-74.0037,"B02512"
"7/1/2014 10:21:00",40.7263,-73.9993,"B02512"
"7/1/2014 10:24:00",40.7807,-73.9557,"B02512"
"7/1/2014 10:24:00",40.7712,-73.9662,"B02512"
"7/1/2014 10:25:00",40.7537,-73.9787,"B02512"
"7/1/2014 10:26:00",40.7413,-73.9847,"B02512"
"7/1/2014 10:27:00",40.7481,-73.9926,"B02512"
"7/1/2014 10:30:00",40.7629,-73.966,"B02512"
"7/1/2014 10:33:00",40.7886,-73.9669,"B02512"
"7/1/2014 10:37:00",40.7177,-73.9965,"B02512"
"7/1/2014 10:38:00",40.7467,-73.9728,"B02512"
"7/1/2014 10:39:00",40.6462,-73.7899,"B02512"
"7/1/2014 10:39:00",40.7226,-73.9977,"B02512"
"7/1/2014 10:40:00",40.7658,-73.9834,"B02512"
"7/1/2014 10:43:00",40.744,-73.9879,"B02512"
"7/1/2014 10:44:00",40.757,-73.974,"B02512"
"7/1/2014 10:45:00",40.7425,-73.9959,"B02512"
"7/1/2014 10:45:00",40.7352,-74.0015,"B02512"
"7/1/2014 10:46:00",40.7655,-73.97,"B02512"
"7/1/2014 10:48:00",40.7519,-73.9709,"B02512"
"7/1/2014 10:50:00",40.6468,-73.7905,"B02512"
"7/1/2014 10:51:00",40.7691,-73.981,"B02512"
"7/1/2014 10:51:00",40.7191,-74.0052,"B02512"
"7/1/2014 10:53:00",40.725,-73.996,"B02512"
"7/1/2014 10:53:00",40.746,-73.9999,"B02512"
"7/1/2014 10:53:00",40.7343,-73.9949,"B02512"
"7/1/2014 10:54:00",40.7198,-73.9943,"B02512"
"7/1/2014 10:54:00",40.6472,-74.0001,"B02512"
"7/1/2014 10:55:00",40.7437,-73.9926,"B02512"
"7/1/2014 10:56:00",40.55,-74.4099,"B02512"
"7/1/2014 10:56:00",40.7547,-73.9837,"B02512"
"7/1/2014 10:56:00",40.7582,-73.9897,"B02512"
"7/1/2014 10:58:00",40.7744,-73.9821,"B02512"
"7/1/2014 11:00:00",40.7571,-73.9744,"B02512"
"7/1/2014 11:00:00",40.8584,-73.9346,"B02512"
"7/1/2014 11:03:00",40.7582,-73.9653,"B02512"
"7/1/2014 11:03:00",40.721,-74.0084,"B02512"
"7/1/2014 11:04:00",40.7559,-73.9833,"B02512"
"7/1/2014 11:06:00",40.7512,-73.9754,"B02512"
"7/1/2014 11:07:00",40.7174,-73.9984,"B02512"
"7/1/2014 11:11:00",40.7674,-73.9551,"B02512"
"7/1/2014 11:13:00",40.7781,-73.9748,"B02512"
"7/1/2014 11:15:00",40.7238,-74.0106,"B02512"
"7/1/2014 11:16:00",40.7771,-73.9779,"B02512"
"7/1/2014 11:18:00",40.7507,-73.987,"B02512"
"7/1/2014 11:19:00",40.7661,-73.9697,"B02512"
"7/1/2014 11:19:00",40.7627,-73.9967,"B02512"
"7/1/2014 11:22:00",40.7272,-73.9899,"B02512"
"7/1/2014 11:24:00",40.7587,-73.979,"B02512"
"7/1/2014 11:24:00",40.7594,-73.9677,"B02512"
"7/1/2014 11:28:00",40.7199,-74.0033,"B02512"
"7/1/2014 11:28:00",40.7192,-73.9483,"B02512"
"7/1/2014 11:29:00",40.7759,-73.9586,"B02512"
"7/1/2014 11:29:00",40.773,-73.9644,"B02512"
"7/1/2014 11:30:00",40.7205,-73.9632,"B02512"
"7/1/2014 11:31:00",40.7648,-73.9959,"B02512"
"7/1/2014 11:33:00",40.7376,-74.0058,"B02512"
"7/1/2014 11:33:00",40.7402,-73.9823,"B02512"
"7/1/2014 11:33:00",40.7666,-73.9539,"B02512"
"7/1/2014 11:34:00",40.7593,-73.9648,"B02512"
"7/1/2014 11:35:00",40.7697,-73.9819,"B02512"
"7/1/2014 11:36:00",40.7332,-73.9934,"B02512"
"7/1/2014 11:37:00",40.78,-73.9733,"B02512"
"7/1/2014 11:38:00",40.7188,-74.0105,"B02512"
"7/1/2014 11:40:00",40.7263,-74.0002,"B02512"
"7/1/2014 11:40:00",40.7616,-73.9733,"B02512"
"7/1/2014 11:43:00",40.7298,-73.9969,"B02512"
"7/1/2014 11:43:00",40.7615,-73.9661,"B02512"
"7/1/2014 11:43:00",40.7718,-73.9827,"B02512"
"7/1/2014 11:45:00",40.9467,-73.9807,"B02512"
"7/1/2014 11:47:00",40.808,-73.9638,"B02512"
"7/1/2014 11:48:00",40.748,-73.972,"B02512"
"7/1/2014 11:49:00",40.7376,-74.0067,"B02512"
"7/1/2014 11:49:00",40.7565,-73.9898,"B02512"
"7/1/2014 11:51:00",40.7666,-73.9885,"B02512"
"7/1/2014 11:56:00",40.7112,-74.0059,"B02512"
"7/1/2014 11:56:00",40.6808,-73.9633,"B02512"
"7/1/2014 11:56:00",40.7467,-74.0049,"B02512"
"7/1/2014 11:57:00",40.7048,-74.1819,"B02512"
"7/1/2014 11:59:00",40.7748,-73.9605,"B02512"
"7/1/2014 12:01:00",40.7218,-74.0098,"B02512"
"7/1/2014 12:04:00",40.7716,-73.9563,"B02512"
"7/1/2014 12:05:00",40.728,-74.0072,"B02512"
"7/1/2014 12:05:00",40.7325,-74.0037,"B02512"
"7/1/2014 12:07:00",40.7355,-73.9882,"B02512"
"7/1/2014 12:09:00",40.7052,-73.7252,"B02512"
"7/1/2014 12:09:00",40.9354,-73.8988,"B02512"
"7/1/2014 12:09:00",40.6447,-73.782,"B02512"
"7/1/2014 12:09:00",40.7469,-73.9847,"B02512"
"7/1/2014 12:10:00",40.6672,-73.632,"B02512"
"7/1/2014 12:10:00",40.7653,-73.9639,"B02512"
"7/1/2014 12:13:00",40.7577,-73.986,"B02512"
"7/1/2014 12:14:00",40.7155,-73.9972,"B02512"
"7/1/2014 12:17:00",40.7672,-73.988,"B02512"
"7/1/2014 12:17:00",40.767,-73.9876,"B02512"
"7/1/2014 12:19:00",40.7647,-73.9805,"B02512"
"7/1/2014 12:19:00",40.7394,-74.0065,"B02512"
"7/1/2014 12:21:00",40.7578,-73.9618,"B02512"
"7/1/2014 12:21:00",40.7865,-73.9503,"B02512"
"7/1/2014 12:24:00",40.7709,-73.8659,"B02512"
"7/1/2014 12:27:00",40.7681,-73.9833,"B02512"
"7/1/2014 12:27:00",40.6437,-73.79,"B02512"
"7/1/2014 12:28:00",40.7696,-73.864,"B02512"
"7/1/2014 12:29:00",40.7457,-73.9938,"B02512"
"7/1/2014 12:32:00",40.7247,-73.9576,"B02512"
"7/1/2014 12:33:00",40.6938,-73.9925,"B02512"
"7/1/2014 12:34:00",40.6894,-74.1792,"B02512"
"7/1/2014 12:36:00",40.7632,-73.9739,"B02512"
"7/1/2014 12:38:00",40.7629,-73.9796,"B02512"
"7/1/2014 12:38:00",40.7626,-73.9751,"B02512"
"7/1/2014 12:39:00",40.7562,-73.9789,"B02512"
"7/1/2014 12:40:00",40.8487,-74.0229,"B02512"
"7/1/2014 12:41:00",40.7752,-73.9594,"B02512"
"7/1/2014 12:45:00",40.7642,-73.9767,"B02512"
"7/1/2014 12:47:00",40.6446,-73.782,"B02512"
"7/1/2014 12:47:00",40.7201,-74.0086,"B02512"
"7/1/2014 12:48:00",40.714,-74.0078,"B02512"
"7/1/2014 12:50:00",40.7639,-73.971,"B02512"
"7/1/2014 12:51:00",40.7238,-74.0093,"B02512"
"7/1/2014 12:55:00",40.7502,-73.9947,"B02512"
"7/1/2014 12:55:00",40.7988,-73.9677,"B02512"
"7/1/2014 12:56:00",40.7625,-73.9749,"B02512"
"7/1/2014 12:56:00",40.7357,-74.0034,"B02512"
"7/1/2014 12:56:00",40.754,-73.9341,"B02512"
"7/1/2014 12:58:00",40.7252,-74.0035,"B02512"
"7/1/2014 13:00:00",40.7589,-73.9791,"B02512"
"7/1/2014 13:00:00",40.7476,-73.9738,"B02512"
"7/1/2014 13:02:00",40.7062,-73.9288,"B02512"
"7/1/2014 13:03:00",40.7373,-74.0057,"B02512"
"7/1/2014 13:04:00",40.7644,-73.9805,"B02512"
"7/1/2014 13:04:00",40.7177,-74.0012,"B02512"
"7/1/2014 13:05:00",40.694,-74.1836,"B02512"
"7/1/2014 13:08:00",40.785,-74.0061,"B02512"
"7/1/2014 13:09:00",40.7405,-74.0057,"B02512"
"7/1/2014 13:14:00",40.7755,-73.9842,"B02512"
"7/1/2014 13:15:00",40.7752,-73.9874,"B02512"
"7/1/2014 13:16:00",40.7393,-74.0081,"B02512"
"7/1/2014 13:16:00",40.7243,-73.9999,"B02512"
"7/1/2014 13:18:00",40.7314,-73.9927,"B02512"
"7/1/2014 13:19:00",40.7554,-73.9866,"B02512"
"7/1/2014 13:19:00",40.7607,-73.9757,"B02512"
"7/1/2014 13:20:00",40.7499,-73.9781,"B02512"
"7/1/2014 13:21:00",40.7753,-73.9904,"B02512"
"7/1/2014 13:25:00",40.7166,-73.9973,"B02512"
"7/1/2014 13:27:00",40.7402,-74.0059,"B02512"
"7/1/2014 13:28:00",40.7201,-74.0085,"B02512"
"7/1/2014 13:28:00",40.7317,-74.0011,"B02512"
"7/1/2014 13:29:00",40.7354,-74.0005,"B02512"
"7/1/2014 13:30:00",40.7647,-73.9686,"B02512"
"7/1/2014 13:31:00",40.7716,-73.9608,"B02512"
"7/1/2014 13:31:00",40.7715,-73.9805,"B02512"
"7/1/2014 13:32:00",40.7647,-73.9707,"B02512"
"7/1/2014 13:35:00",40.7372,-73.9928,"B02512"
"7/1/2014 13:37:00",40.7603,-73.9683,"B02512"
"7/1/2014 13:37:00",40.7559,-73.9728,"B02512"
"7/1/2014 13:40:00",40.7134,-74.0111,"B02512"
"7/1/2014 13:41:00",40.728,-74.0055,"B02512"
"7/1/2014 13:41:00",40.7041,-74.0089,"B02512"
"7/1/2014 13:41:00",40.7503,-73.9459,"B02512"
"7/1/2014 13:42:00",40.7623,-73.9684,"B02512"
"7/1/2014 13:43:00",40.9133,-73.7795,"B02512"
"7/1/2014 13:46:00",40.7548,-73.9778,"B02512"
"7/1/2014 13:46:00",40.6468,-73.7895,"B02512"
"7/1/2014 13:47:00",40.7348,-73.9909,"B02512"
"7/1/2014 13:47:00",40.7264,-74.0002,"B02512"
"7/1/2014 13:47:00",40.9429,-73.7944,"B02512"
"7/1/2014 13:48:00",40.7279,-74,"B02512"
"7/1/2014 13:49:00",40.7559,-73.9751,"B02512"
"7/1/2014 13:50:00",40.7257,-74.0057,"B02512"
"7/1/2014 13:51:00",40.7406,-73.9897,"B02512"
"7/1/2014 13:53:00",40.7856,-73.9702,"B02512"
"7/1/2014 13:53:00",40.7507,-73.9747,"B02512"
"7/1/2014 13:54:00",40.7608,-73.9993,"B02512"
"7/1/2014 13:57:00",40.645,-73.7818,"B02512"
"7/1/2014 13:57:00",40.589,-73.7423,"B02512"
"7/1/2014 13:57:00",40.7476,-73.9826,"B02512"
"7/1/2014 13:57:00",40.7618,-73.9943,"B02512"
"7/1/2014 13:59:00",40.7403,-73.9948,"B02512"
"7/1/2014 14:01:00",40.7414,-74.0066,"B02512"
"7/1/2014 14:01:00",40.7713,-73.9593,"B02512"
"7/1/2014 14:01:00",40.753,-73.9721,"B02512"
"7/1/2014 14:03:00",40.7683,-73.9825,"B02512"
"7/1/2014 14:06:00",40.7679,-73.9894,"B02512"
"7/1/2014 14:06:00",40.7521,-73.9874,"B02512"
"7/1/2014 14:08:00",40.771,-73.9508,"B02512"
"7/1/2014 14:09:00",40.6953,-74.1777,"B02512"
"7/1/2014 14:11:00",40.6911,-74.1779,"B02512"
"7/1/2014 14:11:00",40.7346,-73.9902,"B02512"
"7/1/2014 14:14:00",40.7186,-74.0342,"B02512"
"7/1/2014 14:14:00",40.7186,-74.0342,"B02512"
"7/1/2014 14:15:00",40.758,-73.9876,"B02512"
"7/1/2014 14:16:00",40.7531,-73.8727,"B02512"
"7/1/2014 14:17:00",40.7173,-74.0354,"B02512"
"7/1/2014 14:20:00",40.7187,-74.0024,"B02512"
"7/1/2014 14:20:00",40.7257,-74.0076,"B02512"
"7/1/2014 14:21:00",40.7695,-73.9895,"B02512"
"7/1/2014 14:23:00",40.7581,-73.9739,"B02512"
"7/1/2014 14:23:00",40.774,-73.9573,"B02512"
"7/1/2014 14:23:00",40.8166,-74.4131,"B02512"
"7/1/2014 14:24:00",40.7444,-74.0066,"B02512"
"7/1/2014 14:24:00",40.7259,-74.0075,"B02512"
"7/1/2014 14:25:00",40.7577,-74.0006,"B02512"
"7/1/2014 14:25:00",40.7642,-73.9809,"B02512"
"7/1/2014 14:27:00",40.7061,-74.0095,"B02512"
"7/1/2014 14:28:00",40.764,-73.9766,"B02512"
"7/1/2014 14:29:00",40.7518,-73.988,"B02512"
"7/1/2014 14:29:00",40.7557,-73.977,"B02512"
"7/1/2014 14:30:00",40.7685,-73.8623,"B02512"
"7/1/2014 14:31:00",40.7373,-74.0084,"B02512"
"7/1/2014 14:31:00",40.7757,-73.9645,"B02512"
"7/1/2014 14:32:00",40.7206,-74.01,"B02512"
"7/1/2014 14:32:00",40.7548,-73.9997,"B02512"
"7/1/2014 14:32:00",40.7724,-73.9497,"B02512"
"7/1/2014 14:34:00",40.7542,-73.9762,"B02512"
"7/1/2014 14:35:00",40.7281,-73.9991,"B02512"
"7/1/2014 14:35:00",40.7848,-73.9538,"B02512"
"7/1/2014 14:37:00",40.6449,-73.782,"B02512"
"7/1/2014 14:37:00",40.7504,-73.977,"B02512"
"7/1/2014 14:38:00",40.7515,-73.9868,"B02512"
"7/1/2014 14:38:00",40.7275,-73.9953,"B02512"
"7/1/2014 14:39:00",40.7383,-74.0032,"B02512"
"7/1/2014 14:40:00",40.7457,-74.0076,"B02512"
"7/1/2014 14:41:00",40.7405,-74.1718,"B02512"
"7/1/2014 14:42:00",40.7583,-73.9662,"B02512"
"7/1/2014 14:43:00",40.7727,-73.9614,"B02512"
"7/1/2014 14:43:00",40.7909,-73.9515,"B02512"
"7/1/2014 14:43:00",40.723,-73.9983,"B02512"
"7/1/2014 14:44:00",40.7647,-73.9704,"B02512"
"7/1/2014 14:44:00",40.7285,-74.0053,"B02512"
"7/1/2014 14:44:00",40.7904,-73.9793,"B02512"
"7/1/2014 14:45:00",40.7479,-74.0081,"B02512"
"7/1/2014 14:49:00",40.7804,-73.976,"B02512"
"7/1/2014 14:51:00",40.7857,-74.1534,"B02512"
"7/1/2014 14:52:00",40.7482,-73.989,"B02512"
"7/1/2014 14:53:00",40.7261,-73.9963,"B02512"
"7/1/2014 14:54:00",40.7447,-73.9852,"B02512"
"7/1/2014 14:55:00",40.7501,-73.9726,"B02512"
"7/1/2014 14:55:00",40.7275,-73.9935,"B02512"
"7/1/2014 14:55:00",40.7453,-74.0059,"B02512"
"7/1/2014 14:57:00",40.7553,-73.9906,"B02512"
"7/1/2014 14:59:00",40.7701,-73.9634,"B02512"
"7/1/2014 15:00:00",40.6461,-73.7769,"B02512"
"7/1/2014 15:00:00",40.7678,-73.9616,"B02512"
"7/1/2014 15:00:00",40.7639,-73.9811,"B02512"
"7/1/2014 15:01:00",40.7521,-73.9935,"B02512"
"7/1/2014 15:01:00",40.7575,-73.9715,"B02512"
"7/1/2014 15:03:00",40.7739,-73.8726,"B02512"
"7/1/2014 15:03:00",40.7144,-74.0103,"B02512"
"7/1/2014 15:04:00",40.7457,-74.0085,"B02512"
"7/1/2014 15:05:00",40.7443,-73.9956,"B02512"
"7/1/2014 15:05:00",40.7455,-74.0022,"B02512"
"7/1/2014 15:07:00",40.7208,-73.9871,"B02512"
"7/1/2014 15:09:00",40.7456,-74.0056,"B02512"
"7/1/2014 15:10:00",40.7598,-73.9957,"B02512"
"7/1/2014 15:12:00",40.7152,-74.0079,"B02512"
"7/1/2014 15:12:00",40.7415,-73.9758,"B02512"
"7/1/2014 15:12:00",40.7171,-74.0047,"B02512"
"7/1/2014 15:13:00",40.726,-74.0085,"B02512"
"7/1/2014 15:13:00",40.7221,-73.9599,"B02512"
"7/1/2014 15:14:00",40.7589,-73.9735,"B02512"
"7/1/2014 15:15:00",40.6774,-73.9828,"B02512"
"7/1/2014 15:16:00",40.7575,-73.9738,"B02512"
"7/1/2014 15:17:00",40.6949,-74.178,"B02512"
"7/1/2014 15:19:00",40.7358,-73.997,"B02512"
"7/1/2014 15:20:00",40.7388,-74.0086,"B02512"
"7/1/2014 15:20:00",40.841,-73.9421,"B02512"
"7/1/2014 15:21:00",40.7577,-73.9749,"B02512"
"7/1/2014 15:21:00",40.7514,-73.9785,"B02512"
"7/1/2014 15:24:00",40.7609,-73.9751,"B02512"
"7/1/2014 15:24:00",40.8087,-73.9308,"B02512"
"7/1/2014 15:25:00",40.7656,-73.9757,"B02512"
"7/1/2014 15:25:00",40.7444,-74.0058,"B02512"
"7/1/2014 15:26:00",40.7557,-73.9783,"B02512"
"7/1/2014 15:29:00",40.7464,-73.994,"B02512"
"7/1/2014 15:29:00",40.7204,-73.9979,"B02512"
"7/1/2014 15:30:00",40.6879,-74.1829,"B02512"
"7/1/2014 15:31:00",40.6956,-74.1784,"B02512"
"7/1/2014 15:31:00",40.7612,-73.9669,"B02512"
"7/1/2014 15:31:00",40.7325,-73.9952,"B02512"
"7/1/2014 15:31:00",40.7614,-73.9823,"B02512"
"7/1/2014 15:32:00",40.7784,-73.9745,"B02512"
"7/1/2014 15:33:00",40.7633,-73.9747,"B02512"
"7/1/2014 15:33:00",40.7659,-73.977,"B02512"
"7/1/2014 15:35:00",40.7142,-74.0004,"B02512"
"7/1/2014 15:36:00",40.7197,-74.0086,"B02512"
"7/1/2014 15:38:00",40.7575,-74.0007,"B02512"
"7/1/2014 15:41:00",40.7266,-74.0024,"B02512"
"7/1/2014 15:41:00",41.0156,-73.7276,"B02512"
"7/1/2014 15:41:00",40.7271,-74.0029,"B02512"
"7/1/2014 15:42:00",40.7152,-74.0103,"B02512"
"7/1/2014 15:43:00",40.7733,-73.9808,"B02512"
"7/1/2014 15:43:00",40.7582,-73.9728,"B02512"
"7/1/2014 15:44:00",40.7076,-73.9667,"B02512"
"7/1/2014 15:45:00",40.7559,-74.0023,"B02512"
"7/1/2014 15:46:00",40.6449,-73.7937,"B02512"
"7/1/2014 15:46:00",40.752,-73.9897,"B02512"
"7/1/2014 15:47:00",40.7563,-73.9658,"B02512"
"7/1/2014 15:47:00",40.7555,-73.9854,"B02512"
"7/1/2014 15:48:00",40.7547,-73.9841,"B02512"
"7/1/2014 15:49:00",40.7452,-73.9925,"B02512"
"7/1/2014 15:49:00",40.7447,-73.9887,"B02512"
"7/1/2014 15:51:00",40.7704,-73.9566,"B02512"
"7/1/2014 15:51:00",41.0546,-74.0568,"B02512"
"7/1/2014 15:53:00",40.718,-74.0141,"B02512"
"7/1/2014 15:53:00",40.7707,-73.9683,"B02512"
"7/1/2014 15:55:00",40.7601,-73.972,"B02512"
"7/1/2014 15:56:00",40.7238,-74.1555,"B02512"
"7/1/2014 15:56:00",40.7496,-73.9924,"B02512"
"7/1/2014 16:01:00",40.7543,-73.9738,"B02512"
"7/1/2014 16:16:00",40.7549,-73.9751,"B02512"
"7/1/2014 16:16:00",40.741,-73.9984,"B02512"
"7/1/2014 16:17:00",40.6449,-73.7821,"B02512"
"7/1/2014 16:17:00",40.7247,-73.9991,"B02512"
"7/1/2014 16:17:00",40.7375,-74.0059,"B02512"
"7/1/2014 16:17:00",40.76,-73.9787,"B02512"
"7/1/2014 16:18:00",40.7112,-74.0106,"B02512"
"7/1/2014 16:18:00",40.6757,-74.0122,"B02512"
"7/1/2014 16:19:00",40.697,-73.8131,"B02512"
"7/1/2014 16:20:00",40.7635,-73.9708,"B02512"
"7/1/2014 16:20:00",40.7449,-73.981,"B02512"
"7/1/2014 16:20:00",40.7189,-74.0026,"B02512"
"7/1/2014 16:21:00",40.7539,-73.9782,"B02512"
"7/1/2014 16:22:00",40.7713,-73.9583,"B02512"
"7/1/2014 16:22:00",40.765,-73.9804,"B02512"
"7/1/2014 16:24:00",40.7548,-73.9779,"B02512"
"7/1/2014 16:24:00",40.7191,-74.0353,"B02512"
"7/1/2014 16:25:00",40.7722,-73.9531,"B02512"
"7/1/2014 16:25:00",40.7675,-73.9621,"B02512"
"7/1/2014 16:26:00",40.787,-73.9497,"B02512"
"7/1/2014 16:26:00",40.7863,-73.9799,"B02512"
"7/1/2014 16:27:00",40.7515,-73.9915,"B02512"
"7/1/2014 16:28:00",40.9451,-73.8438,"B02512"
"7/1/2014 16:29:00",40.7592,-73.9727,"B02512"
"7/1/2014 16:29:00",40.7386,-73.9854,"B02512"
"7/1/2014 16:29:00",40.7627,-73.9807,"B02512"
"7/1/2014 16:30:00",40.7592,-73.9943,"B02512"
"7/1/2014 16:31:00",40.7436,-73.9911,"B02512"
"7/1/2014 16:31:00",40.7227,-74.0082,"B02512"
"7/1/2014 16:32:00",40.7831,-73.9741,"B02512"
"7/1/2014 16:33:00",40.7304,-74.0096,"B02512"
"7/1/2014 16:33:00",40.7774,-73.9564,"B02512"
"7/1/2014 16:35:00",40.7515,-73.9874,"B02512"
"7/1/2014 16:36:00",40.7388,-73.9887,"B02512"
"7/1/2014 16:39:00",40.7527,-73.9807,"B02512"
"7/1/2014 16:40:00",40.7553,-73.9871,"B02512"
"7/1/2014 16:40:00",40.7433,-73.985,"B02512"
"7/1/2014 16:40:00",40.7573,-73.9824,"B02512"
"7/1/2014 16:40:00",40.7277,-73.9893,"B02512"
"7/1/2014 16:40:00",40.7648,-73.9779,"B02512"
"7/1/2014 16:40:00",40.7541,-73.9742,"B02512"
"7/1/2014 16:41:00",40.7531,-73.9916,"B02512"
"7/1/2014 16:43:00",40.7342,-73.9972,"B02512"
"7/1/2014 16:44:00",40.7368,-74.0045,"B02512"
"7/1/2014 16:46:00",40.7388,-74.0091,"B02512"
"7/1/2014 16:47:00",40.7619,-73.9718,"B02512"
"7/1/2014 16:48:00",40.7573,-73.9699,"B02512"
"7/1/2014 16:51:00",40.7574,-73.9734,"B02512"
"7/1/2014 16:51:00",40.774,-73.9841,"B02512"
"7/1/2014 16:52:00",40.7611,-73.9834,"B02512"
"7/1/2014 16:52:00",40.7141,-74.0154,"B02512"
"7/1/2014 16:54:00",40.7259,-73.998,"B02512"
"7/1/2014 16:54:00",40.7249,-74.0083,"B02512"
"7/1/2014 16:55:00",40.7651,-73.9582,"B02512"
"7/1/2014 16:55:00",40.7637,-73.978,"B02512"
"7/1/2014 16:56:00",40.7223,-74.0402,"B02512"
"7/1/2014 16:57:00",40.75,-73.9834,"B02512"
"7/1/2014 16:57:00",40.7589,-73.9611,"B02512"
"7/1/2014 16:58:00",40.7428,-73.989,"B02512"
"7/1/2014 16:58:00",40.709,-74.0074,"B02512"
"7/1/2014 16:59:00",40.7289,-74.0075,"B02512"
"7/1/2014 17:00:00",40.7381,-74.0094,"B02512"
"7/1/2014 17:01:00",40.7139,-74.015,"B02512"
"7/1/2014 17:02:00",40.7578,-73.9744,"B02512"
"7/1/2014 17:02:00",40.7534,-73.9835,"B02512"
"7/1/2014 17:03:00",40.7605,-74.0028,"B02512"
"7/1/2014 17:04:00",40.7523,-73.9769,"B02512"
"7/1/2014 17:05:00",40.7117,-74.0083,"B02512"
"7/1/2014 17:06:00",40.7707,-73.9527,"B02512"
"7/1/2014 17:08:00",40.7685,-73.9866,"B02512"
"7/1/2014 17:08:00",40.7313,-73.9918,"B02512"
"7/1/2014 17:09:00",40.7717,-73.9641,"B02512"
"7/1/2014 17:10:00",40.7497,-74.005,"B02512"
"7/1/2014 17:10:00",40.7538,-73.9788,"B02512"
"7/1/2014 17:11:00",40.7515,-73.9841,"B02512"
"7/1/2014 17:11:00",40.7199,-73.9925,"B02512"
"7/1/2014 17:14:00",40.7805,-73.9861,"B02512"
"7/1/2014 17:14:00",40.7629,-73.9771,"B02512"
"7/1/2014 17:14:00",40.76,-73.9648,"B02512"
"7/1/2014 17:15:00",40.7489,-73.98,"B02512"
"7/1/2014 17:17:00",40.7599,-73.972,"B02512"
"7/1/2014 17:18:00",40.7601,-73.9719,"B02512"
"7/1/2014 17:18:00",40.7596,-73.9854,"B02512"
"7/1/2014 17:19:00",40.7427,-74.0078,"B02512"
"7/1/2014 17:20:00",40.7415,-74.0071,"B02512"
"7/1/2014 17:20:00",40.7831,-73.9807,"B02512"
"7/1/2014 17:21:00",40.7585,-73.9659,"B02512"
"7/1/2014 17:23:00",40.7518,-73.9824,"B02512"
"7/1/2014 17:23:00",40.7606,-73.9834,"B02512"
"7/1/2014 17:25:00",40.7284,-73.9942,"B02512"
"7/1/2014 17:25:00",40.774,-73.8725,"B02512"
"7/1/2014 17:25:00",40.7221,-73.9883,"B02512"
"7/1/2014 17:27:00",40.7164,-74.0341,"B02512"
"7/1/2014 17:27:00",40.7164,-74.0341,"B02512"
"7/1/2014 17:27:00",40.7527,-73.9794,"B02512"
"7/1/2014 17:29:00",40.7558,-73.9707,"B02512"
"7/1/2014 17:30:00",40.7417,-73.9963,"B02512"
"7/1/2014 17:30:00",40.7766,-73.9896,"B02512"
"7/1/2014 17:31:00",40.7316,-73.9856,"B02512"
"7/1/2014 17:31:00",40.7579,-73.972,"B02512"
"7/1/2014 17:31:00",40.7169,-74.0147,"B02512"
"7/1/2014 17:32:00",40.7372,-74.0019,"B02512"
"7/1/2014 17:32:00",40.762,-73.9828,"B02512"
"7/1/2014 17:32:00",40.7569,-73.987,"B02512"
"7/1/2014 17:33:00",40.7084,-74.0148,"B02512"
"7/1/2014 17:33:00",40.7753,-73.9819,"B02512"
"7/1/2014 17:33:00",40.6967,-73.9972,"B02512"
"7/1/2014 17:34:00",40.7269,-73.9968,"B02512"
"7/1/2014 17:34:00",40.7169,-74.0137,"B02512"
"7/1/2014 17:35:00",40.7356,-73.9885,"B02512"
"7/1/2014 17:36:00",40.7641,-73.9774,"B02512"
"7/1/2014 17:36:00",40.7611,-73.9717,"B02512"
"7/1/2014 17:36:00",40.7468,-74.0077,"B02512"
"7/1/2014 17:37:00",40.7755,-73.965,"B02512"
"7/1/2014 17:37:00",40.7472,-73.9855,"B02512"
"7/1/2014 17:38:00",40.7453,-73.9909,"B02512"
"7/1/2014 17:38:00",40.7713,-73.9642,"B02512"
"7/1/2014 17:38:00",40.7496,-73.983,"B02512"
"7/1/2014 17:38:00",40.7366,-73.9873,"B02512"
"7/1/2014 17:39:00",40.7856,-73.976,"B02512"
"7/1/2014 17:39:00",40.759,-73.9855,"B02512"
"7/1/2014 17:39:00",40.7635,-73.9737,"B02512"
"7/1/2014 17:40:00",40.7396,-73.9927,"B02512"
"7/1/2014 17:40:00",40.7495,-73.9795,"B02512"
"7/1/2014 17:40:00",40.7664,-73.98,"B02512"
"7/1/2014 17:41:00",40.7276,-74.0054,"B02512"
"7/1/2014 17:41:00",40.7644,-73.9777,"B02512"
"7/1/2014 17:41:00",40.7401,-74.0033,"B02512"
"7/1/2014 17:43:00",40.7386,-73.9919,"B02512"
"7/1/2014 17:43:00",40.7857,-73.9692,"B02512"
"7/1/2014 17:43:00",40.723,-73.9973,"B02512"
"7/1/2014 17:44:00",40.7685,-73.9846,"B02512"
"7/1/2014 17:45:00",40.7599,-73.9811,"B02512"
"7/1/2014 17:45:00",40.7253,-73.997,"B02512"
"7/1/2014 17:46:00",40.7449,-73.9836,"B02512"
"7/1/2014 17:46:00",40.7378,-73.9884,"B02512"
"7/1/2014 17:47:00",40.7578,-73.9849,"B02512"
"7/1/2014 17:48:00",40.7615,-73.974,"B02512"
"7/1/2014 17:49:00",40.7351,-73.9857,"B02512"
"7/1/2014 17:50:00",40.739,-73.9913,"B02512"
"7/1/2014 17:51:00",40.7225,-73.9932,"B02512"
"7/1/2014 17:52:00",40.7389,-73.9916,"B02512"
"7/1/2014 17:53:00",40.7088,-74.0154,"B02512"
"7/1/2014 17:53:00",40.7486,-73.9905,"B02512"
"7/1/2014 17:53:00",40.7589,-73.9715,"B02512"
"7/1/2014 17:54:00",40.7548,-73.9805,"B02512"
"7/1/2014 17:54:00",40.7414,-73.9941,"B02512"
"7/1/2014 17:54:00",40.7429,-73.9847,"B02512"
"7/1/2014 17:55:00",40.6921,-73.9705,"B02512"
"7/1/2014 17:55:00",40.7459,-73.9821,"B02512"
"7/1/2014 17:56:00",40.7571,-73.9716,"B02512"
"7/1/2014 17:57:00",40.7636,-73.9698,"B02512"
"7/1/2014 17:58:00",40.7262,-73.9987,"B02512"
"7/1/2014 17:58:00",40.7184,-74.0058,"B02512"
"7/1/2014 17:58:00",40.7798,-73.9542,"B02512"
"7/1/2014 17:58:00",40.729,-73.9994,"B02512"
"7/1/2014 17:58:00",40.7402,-73.9805,"B02512"
"7/1/2014 17:59:00",40.7592,-73.9765,"B02512"
"7/1/2014 17:59:00",40.9598,-74.0669,"B02512"
"7/1/2014 18:00:00",40.7292,-74.0051,"B02512"
"7/1/2014 18:00:00",40.7603,-73.9704,"B02512"
"7/1/2014 18:01:00",40.7652,-73.9826,"B02512"
"7/1/2014 18:01:00",40.7589,-73.9787,"B02512"
"7/1/2014 18:02:00",40.7918,-73.9634,"B02512"
"7/1/2014 18:02:00",40.7514,-73.9434,"B02512"
"7/1/2014 18:03:00",40.7355,-73.9969,"B02512"
"7/1/2014 18:04:00",40.7327,-73.9877,"B02512"
"7/1/2014 18:05:00",40.7507,-73.9751,"B02512"
"7/1/2014 18:05:00",40.7566,-73.9725,"B02512"
"7/1/2014 18:05:00",40.7566,-73.9725,"B02512"
"7/1/2014 18:05:00",40.7064,-74.0066,"B02512"
"7/1/2014 18:06:00",40.7304,-73.9761,"B02512"
"7/1/2014 18:07:00",40.7505,-73.98,"B02512"
"7/1/2014 18:07:00",40.7729,-73.8858,"B02512"
"7/1/2014 18:09:00",40.7645,-73.9791,"B02512"
"7/1/2014 18:09:00",40.7496,-74.0065,"B02512"
"7/1/2014 18:10:00",40.7595,-73.9778,"B02512"
"7/1/2014 18:10:00",40.7558,-73.991,"B02512"
"7/1/2014 18:10:00",40.7305,-74.0067,"B02512"
"7/1/2014 18:10:00",40.7305,-74.0067,"B02512"
"7/1/2014 18:10:00",40.752,-73.985,"B02512"
"7/1/2014 18:10:00",40.7753,-73.9839,"B02512"
"7/1/2014 18:11:00",40.7558,-73.9748,"B02512"
"7/1/2014 18:13:00",40.7686,-73.8626,"B02512"
"7/1/2014 18:15:00",40.7246,-74.0045,"B02512"
"7/1/2014 18:15:00",40.7249,-74.0354,"B02512"
"7/1/2014 18:17:00",40.7183,-74.0104,"B02512"
"7/1/2014 18:17:00",40.7415,-73.9934,"B02512"
"7/1/2014 18:19:00",40.7514,-73.9835,"B02512"
"7/1/2014 18:20:00",40.7498,-73.9832,"B02512"
"7/1/2014 18:20:00",40.7498,-73.9832,"B02512"
"7/1/2014 18:21:00",40.7388,-74.0086,"B02512"
"7/1/2014 18:23:00",40.7419,-73.9931,"B02512"
"7/1/2014 18:27:00",40.7466,-74.0074,"B02512"
"7/1/2014 18:28:00",40.7392,-73.9988,"B02512"
"7/1/2014 18:30:00",40.7434,-73.9838,"B02512"
"7/1/2014 18:30:00",40.7377,-74.0032,"B02512"
"7/1/2014 18:31:00",40.7513,-74.0275,"B02512"
"7/1/2014 18:32:00",40.7814,-73.9492,"B02512"
"7/1/2014 18:32:00",40.7602,-73.9775,"B02512"
"7/1/2014 18:32:00",40.7641,-73.9941,"B02512"
"7/1/2014 18:32:00",40.774,-73.8724,"B02512"
"7/1/2014 18:33:00",40.7394,-74.0066,"B02512"
"7/1/2014 18:34:00",40.7219,-73.9934,"B02512"
"7/1/2014 18:35:00",40.7332,-74.0063,"B02512"
"7/1/2014 18:36:00",40.7826,-73.9595,"B02512"
"7/1/2014 18:36:00",40.7508,-73.9801,"B02512"
"7/1/2014 18:36:00",40.7236,-74.0085,"B02512"
"7/1/2014 18:36:00",40.7236,-74.0085,"B02512"
"7/1/2014 18:37:00",40.6779,-73.9601,"B02512"
"7/1/2014 18:37:00",40.7254,-73.997,"B02512"
"7/1/2014 18:39:00",40.7425,-74.0069,"B02512"
"7/1/2014 18:39:00",40.7065,-74.0095,"B02512"
"7/1/2014 18:39:00",40.7457,-74.0084,"B02512"
"7/1/2014 18:39:00",40.733,-73.975,"B02512"
"7/1/2014 18:40:00",40.7228,-74.0034,"B02512"
"7/1/2014 18:43:00",40.7468,-73.9845,"B02512"
"7/1/2014 18:43:00",40.748,-74.0053,"B02512"
"7/1/2014 18:43:00",40.7841,-73.9787,"B02512"
"7/1/2014 18:46:00",40.7168,-74.0075,"B02512"
"7/1/2014 18:46:00",40.7168,-74.0075,"B02512"
"7/1/2014 18:47:00",40.7637,-73.9748,"B02512"
"7/1/2014 18:48:00",40.7684,-73.9854,"B02512"
"7/1/2014 18:49:00",40.7554,-74.0315,"B02512"
"7/1/2014 18:49:00",40.6802,-73.9781,"B02512"
"7/1/2014 18:50:00",40.7209,-73.9583,"B02512"
"7/1/2014 18:51:00",40.7652,-73.9753,"B02512"
"7/1/2014 18:51:00",40.7356,-74.0029,"B02512"
"7/1/2014 18:51:00",40.7143,-73.9594,"B02512"
"7/1/2014 18:51:00",40.7691,-73.9827,"B02512"
"7/1/2014 18:51:00",40.6891,-73.9888,"B02512"
"7/1/2014 18:53:00",40.7523,-73.9643,"B02512"
"7/1/2014 18:54:00",40.7445,-73.9913,"B02512"
"7/1/2014 18:54:00",40.7758,-73.9527,"B02512"
"7/1/2014 18:55:00",40.7575,-73.9753,"B02512"
"7/1/2014 18:56:00",40.6763,-73.98,"B02512"
"7/1/2014 18:58:00",40.7642,-73.9925,"B02512"
"7/1/2014 18:58:00",40.7411,-73.9961,"B02512"
"7/1/2014 18:59:00",40.7835,-73.9513,"B02512"
"7/1/2014 19:03:00",40.7608,-73.967,"B02512"
"7/1/2014 19:03:00",40.7805,-73.9558,"B02512"
"7/1/2014 19:05:00",40.7354,-74.0033,"B02512"
"7/1/2014 19:05:00",40.7639,-73.9963,"B02512"
"7/1/2014 19:07:00",40.7214,-73.9883,"B02512"
"7/1/2014 19:07:00",40.7745,-73.9831,"B02512"
"7/1/2014 19:07:00",40.7864,-73.9687,"B02512"
"7/1/2014 19:07:00",40.6865,-73.9618,"B02512"
"7/1/2014 19:08:00",40.7648,-73.9807,"B02512"
"7/1/2014 19:10:00",40.7819,-73.9832,"B02512"
"7/1/2014 19:11:00",40.7574,-73.9686,"B02512"
"7/1/2014 19:12:00",40.7543,-73.9829,"B02512"
"7/1/2014 19:12:00",40.7051,-74.0161,"B02512"
"7/1/2014 19:13:00",40.7607,-73.9746,"B02512"
"7/1/2014 19:13:00",40.7708,-73.9477,"B02512"
"7/1/2014 19:13:00",40.7708,-73.9477,"B02512"
"7/1/2014 19:14:00",40.7548,-73.9771,"B02512"
"7/1/2014 19:14:00",40.7627,-73.997,"B02512"
"7/1/2014 19:15:00",40.756,-73.9902,"B02512"
"7/1/2014 19:15:00",40.7225,-74.0071,"B02512"
"7/1/2014 19:16:00",40.7197,-74.003,"B02512"
"7/1/2014 19:18:00",40.7621,-73.9825,"B02512"
"7/1/2014 19:21:00",40.7638,-73.9763,"B02512"
"7/1/2014 19:22:00",40.7824,-73.9723,"B02512"
"7/1/2014 19:23:00",40.7154,-74.0142,"B02512"
"7/1/2014 19:24:00",40.7493,-73.9957,"B02512"
"7/1/2014 19:24:00",40.7529,-73.9753,"B02512"
"7/1/2014 19:24:00",40.7456,-73.9907,"B02512"
"7/1/2014 19:24:00",40.7083,-74.0114,"B02512"
"7/1/2014 19:25:00",40.7249,-73.9945,"B02512"
"7/1/2014 19:26:00",40.7571,-73.9742,"B02512"
"7/1/2014 19:27:00",40.7313,-73.9914,"B02512"
"7/1/2014 19:28:00",40.7526,-73.9932,"B02512"
"7/1/2014 19:28:00",40.7385,-74.4132,"B02512"
"7/1/2014 19:28:00",40.771,-73.8788,"B02512"
"7/1/2014 19:29:00",40.7601,-73.9725,"B02512"
"7/1/2014 19:29:00",40.7601,-73.9725,"B02512"
"7/1/2014 19:30:00",40.7203,-73.9951,"B02512"
"7/1/2014 19:31:00",40.7292,-73.9891,"B02512"
"7/1/2014 19:33:00",40.7179,-74.0072,"B02512"
"7/1/2014 19:33:00",40.7587,-73.9894,"B02512"
"7/1/2014 19:34:00",40.7753,-73.9911,"B02512"
"7/1/2014 19:35:00",40.7192,-74.0017,"B02512"
"7/1/2014 19:36:00",40.734,-73.9933,"B02512"
"7/1/2014 19:37:00",40.774,-73.8726,"B02512"
"7/1/2014 19:39:00",40.7703,-73.9812,"B02512"
"7/1/2014 19:40:00",40.7631,-73.9737,"B02512"
"7/1/2014 19:41:00",40.6891,-74.1842,"B02512"
"7/1/2014 19:41:00",40.7596,-73.9779,"B02512"
"7/1/2014 19:41:00",40.7776,-73.9449,"B02512"
"7/1/2014 19:41:00",40.7402,-74.0059,"B02512"
"7/1/2014 19:42:00",40.7604,-73.974,"B02512"
"7/1/2014 19:42:00",40.6687,-73.9783,"B02512"
"7/1/2014 19:42:00",40.7385,-73.9853,"B02512"
"7/1/2014 19:45:00",40.7538,-73.97,"B02512"
"7/1/2014 19:45:00",40.7723,-73.9607,"B02512"
"7/1/2014 19:45:00",40.77,-73.9843,"B02512"
"7/1/2014 19:45:00",40.77,-73.9843,"B02512"
"7/1/2014 19:46:00",40.7736,-73.9662,"B02512"
"7/1/2014 19:46:00",40.7633,-73.9717,"B02512"
"7/1/2014 19:48:00",40.7248,-74.0077,"B02512"
"7/1/2014 19:49:00",40.741,-74.0072,"B02512"
"7/1/2014 19:49:00",40.7497,-73.9838,"B02512"
"7/1/2014 19:49:00",40.7549,-74.0001,"B02512"
"7/1/2014 19:50:00",40.7533,-73.975,"B02512"
"7/1/2014 19:50:00",40.7371,-73.9885,"B02512"
"7/1/2014 19:50:00",40.7379,-73.9925,"B02512"
"7/1/2014 19:52:00",40.7291,-73.9583,"B02512"
"7/1/2014 19:53:00",40.7568,-73.9703,"B02512"
"7/1/2014 19:54:00",40.7591,-73.9585,"B02512"
"7/1/2014 19:54:00",40.7145,-74.0106,"B02512"
"7/1/2014 19:55:00",40.7233,-74.0063,"B02512"
"7/1/2014 19:55:00",40.7452,-73.9953,"B02512"
"7/1/2014 19:56:00",40.7515,-73.9939,"B02512"
"7/1/2014 19:58:00",40.7234,-73.9829,"B02512"
"7/1/2014 19:59:00",40.7756,-73.9644,"B02512"
"7/1/2014 19:59:00",40.7199,-73.845,"B02512"
"7/1/2014 20:00:00",40.6954,-74.1778,"B02512"
"7/1/2014 20:01:00",40.7242,-74.0045,"B02512"
"7/1/2014 20:02:00",40.7545,-73.9876,"B02512"
"7/1/2014 20:04:00",40.7606,-73.9899,"B02512"
"7/1/2014 20:05:00",40.7602,-73.9717,"B02512"
"7/1/2014 20:06:00",40.7723,-73.9668,"B02512"
"7/1/2014 20:06:00",40.7197,-73.9579,"B02512"
"7/1/2014 20:07:00",40.7257,-74.0057,"B02512"
"7/1/2014 20:08:00",40.717,-74.0047,"B02512"
"7/1/2014 20:09:00",40.7517,-73.9736,"B02512"
"7/1/2014 20:09:00",40.7517,-73.9736,"B02512"
"7/1/2014 20:11:00",40.7646,-73.9876,"B02512"
"7/1/2014 20:11:00",40.7195,-73.9606,"B02512"
"7/1/2014 20:11:00",40.7586,-73.974,"B02512"
"7/1/2014 20:12:00",40.734,-74.0099,"B02512"
"7/1/2014 20:15:00",40.7233,-74.0086,"B02512"
"7/1/2014 20:16:00",40.7292,-74.0025,"B02512"
"7/1/2014 20:16:00",40.733,-73.9899,"B02512"
"7/1/2014 20:16:00",40.7083,-74.0019,"B02512"
"7/1/2014 20:18:00",40.7429,-73.9928,"B02512"
"7/1/2014 20:18:00",40.7411,-74.0075,"B02512"
"7/1/2014 20:19:00",40.7605,-73.9704,"B02512"
"7/1/2014 20:19:00",40.7605,-73.9704,"B02512"
"7/1/2014 20:19:00",40.7562,-73.9748,"B02512"
"7/1/2014 20:20:00",40.7404,-74.004,"B02512"
"7/1/2014 20:20:00",40.765,-73.9879,"B02512"
"7/1/2014 20:20:00",40.7233,-73.9985,"B02512"
"7/1/2014 20:24:00",40.7078,-74.007,"B02512"
"7/1/2014 20:24:00",40.73,-73.9929,"B02512"
"7/1/2014 20:24:00",40.8336,-73.9387,"B02512"
"7/1/2014 20:26:00",40.7693,-73.9828,"B02512"
"7/1/2014 20:27:00",40.7509,-74.0058,"B02512"
"7/1/2014 20:28:00",40.742,-73.9982,"B02512"
"7/1/2014 20:28:00",40.7617,-73.9781,"B02512"
"7/1/2014 20:29:00",40.7532,-73.9834,"B02512"
"7/1/2014 20:30:00",40.6696,-73.9571,"B02512"
"7/1/2014 20:32:00",40.8294,-73.9284,"B02512"
"7/1/2014 20:32:00",40.7602,-73.9833,"B02512"
"7/1/2014 20:32:00",40.7444,-73.9922,"B02512"
"7/1/2014 20:33:00",40.7401,-73.9949,"B02512"
"7/1/2014 20:33:00",40.7393,-73.9819,"B02512"
"7/1/2014 20:33:00",40.785,-73.9769,"B02512"
"7/1/2014 20:33:00",40.7719,-73.9654,"B02512"
"7/1/2014 20:36:00",40.7602,-73.9806,"B02512"
"7/1/2014 20:37:00",40.7194,-73.9887,"B02512"
"7/1/2014 20:38:00",40.7422,-74.0006,"B02512"
"7/1/2014 20:39:00",40.8438,-73.9404,"B02512"
"7/1/2014 20:40:00",40.7286,-74.0027,"B02512"
"7/1/2014 20:40:00",40.7432,-73.9976,"B02512"
"7/1/2014 20:42:00",40.7602,-73.9839,"B02512"
"7/1/2014 20:43:00",40.7573,-73.9858,"B02512"
"7/1/2014 20:44:00",40.7149,-74.0075,"B02512"
"7/1/2014 20:45:00",40.7268,-73.9852,"B02512"
"7/1/2014 20:47:00",40.7181,-74.0151,"B02512"
"7/1/2014 20:49:00",40.7256,-74.0012,"B02512"
"7/1/2014 20:49:00",40.7627,-73.9854,"B02512"
"7/1/2014 20:50:00",40.755,-73.9842,"B02512"
"7/1/2014 20:50:00",40.7223,-74.0046,"B02512"
"7/1/2014 20:52:00",40.7625,-73.972,"B02512"
"7/1/2014 20:52:00",40.7603,-73.9817,"B02512"
"7/1/2014 20:53:00",40.7422,-73.9849,"B02512"
"7/1/2014 20:54:00",40.773,-73.9783,"B02512"
"7/1/2014 20:54:00",40.737,-73.989,"B02512"
"7/1/2014 20:55:00",40.7406,-73.9982,"B02512"
"7/1/2014 20:56:00",40.7226,-73.9961,"B02512"
"7/1/2014 20:56:00",40.7587,-73.9708,"B02512"
"7/1/2014 20:56:00",40.7219,-73.9971,"B02512"
"7/1/2014 20:59:00",40.6956,-74.1782,"B02512"
"7/1/2014 21:00:00",40.6879,-74.1817,"B02512"
"7/1/2014 21:00:00",40.7419,-73.9745,"B02512"
"7/1/2014 21:01:00",40.7807,-73.9862,"B02512"
"7/1/2014 21:02:00",40.7707,-73.8656,"B02512"
"7/1/2014 21:03:00",40.7246,-73.9924,"B02512"
"7/1/2014 21:04:00",40.7298,-73.9987,"B02512"
"7/1/2014 21:05:00",40.764,-73.9923,"B02512"
"7/1/2014 21:05:00",40.753,-73.9836,"B02512"
"7/1/2014 21:06:00",40.8293,-73.9284,"B02512"
"7/1/2014 21:06:00",40.6949,-74.1773,"B02512"
"7/1/2014 21:08:00",40.7589,-73.9644,"B02512"
"7/1/2014 21:09:00",40.7556,-73.9704,"B02512"
"7/1/2014 21:10:00",40.7637,-73.9761,"B02512"
"7/1/2014 21:11:00",40.6942,-73.9701,"B02512"
"7/1/2014 21:13:00",40.7663,-73.9522,"B02512"
"7/1/2014 21:13:00",40.7632,-73.9774,"B02512"
"7/1/2014 21:13:00",40.7591,-73.97,"B02512"
"7/1/2014 21:13:00",40.7407,-74.0054,"B02512"
"7/1/2014 21:14:00",40.7514,-74.0069,"B02512"
"7/1/2014 21:16:00",40.7192,-73.9934,"B02512"
"7/1/2014 21:20:00",40.6968,-73.8587,"B02512"
"7/1/2014 21:20:00",40.7506,-74.0032,"B02512"
"7/1/2014 21:22:00",40.729,-74.0025,"B02512"
"7/1/2014 21:22:00",40.6949,-74.1778,"B02512"
"7/1/2014 21:23:00",40.7367,-74.0312,"B02512"
"7/1/2014 21:24:00",40.764,-73.9771,"B02512"
"7/1/2014 21:27:00",40.7152,-73.9917,"B02512"
"7/1/2014 21:27:00",40.7313,-74.0101,"B02512"
"7/1/2014 21:27:00",40.754,-73.9882,"B02512"
"7/1/2014 21:28:00",40.7749,-73.959,"B02512"
"7/1/2014 21:28:00",40.6484,-73.7831,"B02512"
"7/1/2014 21:31:00",40.709,-74.0099,"B02512"
"7/1/2014 21:32:00",40.6953,-74.1777,"B02512"
"7/1/2014 21:32:00",40.7594,-73.9814,"B02512"
"7/1/2014 21:33:00",40.7644,-73.9958,"B02512"
"7/1/2014 21:33:00",40.7591,-73.9789,"B02512"
"7/1/2014 21:33:00",40.7384,-73.9836,"B02512"
"7/1/2014 21:34:00",40.7626,-73.9803,"B02512"
"7/1/2014 21:35:00",40.7594,-73.9734,"B02512"
"7/1/2014 21:36:00",40.7304,-74.0047,"B02512"
"7/1/2014 21:36:00",40.7334,-74.0028,"B02512"
"7/1/2014 21:37:00",40.7369,-73.9869,"B02512"
"7/1/2014 21:37:00",40.8789,-73.9148,"B02512"
"7/1/2014 21:42:00",40.7674,-73.9824,"B02512"
"7/1/2014 21:42:00",40.7432,-74.0073,"B02512"
"7/1/2014 21:44:00",40.7358,-73.9942,"B02512"
"7/1/2014 21:46:00",40.7581,-73.9757,"B02512"
"7/1/2014 21:47:00",40.7268,-73.9778,"B02512"
"7/1/2014 21:50:00",40.8308,-73.9269,"B02512"
"7/1/2014 21:51:00",40.7289,-73.9909,"B02512"
"7/1/2014 21:53:00",40.7248,-73.9924,"B02512"
"7/1/2014 21:53:00",40.7381,-73.9894,"B02512"
"7/1/2014 21:53:00",40.7373,-73.9906,"B02512"
"7/1/2014 21:53:00",40.8292,-73.9251,"B02512"
"7/1/2014 21:54:00",40.7553,-73.9834,"B02512"
"7/1/2014 21:55:00",40.7418,-74.0039,"B02512"
"7/1/2014 21:55:00",40.7615,-73.9776,"B02512"
"7/1/2014 21:55:00",40.7458,-74,"B02512"
"7/1/2014 21:56:00",40.7184,-74.0494,"B02512"
"7/1/2014 22:00:00",40.7382,-74.0081,"B02512"
"7/1/2014 22:01:00",40.7556,-73.9767,"B02512"
"7/1/2014 22:02:00",40.6876,-74.0015,"B02512"
"7/1/2014 22:04:00",40.7141,-74.0101,"B02512"
"7/1/2014 22:04:00",40.6449,-73.7821,"B02512"
"7/1/2014 22:08:00",40.7267,-73.995,"B02512"
"7/1/2014 22:08:00",40.7324,-73.9932,"B02512"
"7/1/2014 22:10:00",40.7279,-74.0069,"B02512"
"7/1/2014 22:11:00",40.7198,-73.9948,"B02512"
"7/1/2014 22:13:00",40.7537,-73.996,"B02512"
"7/1/2014 22:15:00",40.763,-73.9693,"B02512"
"7/1/2014 22:17:00",40.7439,-73.9899,"B02512"
"7/1/2014 22:17:00",40.7551,-73.9989,"B02512"
"7/1/2014 22:19:00",40.7218,-73.958,"B02512"
"7/1/2014 22:20:00",40.7294,-74.0037,"B02512"
"7/1/2014 22:20:00",40.742,-74.0047,"B02512"
"7/1/2014 22:21:00",40.7218,-73.9893,"B02512"
"7/1/2014 22:21:00",40.7546,-73.9712,"B02512"
"7/1/2014 22:22:00",40.7421,-74.0041,"B02512"
"7/1/2014 22:24:00",40.7176,-73.9544,"B02512"
"7/1/2014 22:27:00",40.6947,-74.1778,"B02512"
"7/1/2014 22:27:00",40.772,-73.9829,"B02512"
"7/1/2014 22:28:00",40.7813,-73.9798,"B02512"
"7/1/2014 22:28:00",40.7433,-74.0074,"B02512"
"7/1/2014 22:28:00",40.7226,-73.9951,"B02512"
"7/1/2014 22:29:00",40.7663,-73.9625,"B02512"
"7/1/2014 22:31:00",40.7375,-73.9914,"B02512"
"7/1/2014 22:32:00",40.7197,-73.9872,"B02512"
"7/1/2014 22:34:00",40.7259,-73.995,"B02512"
"7/1/2014 22:36:00",40.7673,-73.981,"B02512"
"7/1/2014 22:39:00",40.7876,-73.9749,"B02512"
"7/1/2014 22:44:00",40.763,-73.9688,"B02512"
"7/1/2014 22:44:00",40.7737,-73.8724,"B02512"
"7/1/2014 22:45:00",40.7223,-74.0114,"B02512"
"7/1/2014 22:50:00",40.7676,-73.9619,"B02512"
"7/1/2014 22:52:00",40.6979,-73.9746,"B02512"
"7/1/2014 22:57:00",40.7308,-74.0007,"B02512"
"7/1/2014 23:03:00",40.7326,-73.9873,"B02512"
"7/1/2014 23:09:00",40.7281,-74,"B02512"
"7/1/2014 23:10:00",40.7346,-74.0012,"B02512"
"7/1/2014 23:10:00",40.7248,-73.9945,"B02512"
"7/1/2014 23:19:00",40.7652,-73.9837,"B02512"
"7/1/2014 23:21:00",40.7329,-74.0065,"B02512"
"7/1/2014 23:23:00",40.7302,-74.0003,"B02512"
"7/1/2014 23:23:00",40.7376,-73.9896,"B02512"
"7/1/2014 23:28:00",40.7652,-73.9814,"B02512"
"7/1/2014 23:29:00",40.7325,-73.9992,"B02512"
"7/1/2014 23:40:00",40.7237,-73.9851,"B02512"
"7/1/2014 23:41:00",40.6949,-74.1779,"B02512"
"7/1/2014 23:50:00",40.5066,-74.3951,"B02512"
"7/1/2014 23:57:00",40.7409,-73.9934,"B02512"
"7/1/2014 23:57:00",40.7409,-73.9934,"B02512"